invasive,position,r_value,window
yes,5,0.8006,5
yes,6,0.93249,5
yes,7,0.8006,5
yes,8,0.93249,5
yes,9,0.93067,5
yes,10,0.65921,5
yes,11,0.65921,5
yes,12,0.32365,5
yes,13,0.32365,5
yes,14,-0.10235,5
yes,15,-0.10235,5
yes,16,-0.10235,5
yes,17,0.16375,5
yes,18,-0.0414,5
yes,19,-0.22634,5
yes,20,-0.34354,5
yes,21,-0.35312,5
yes,22,-0.14431,5
yes,23,0.02425,5
yes,24,0.22099,5
yes,25,0.16375,5
yes,26,0.67966,5
yes,27,-0.03236,5
yes,28,-0.40939,5
yes,29,0.17762,5
yes,30,0.22099,5
yes,31,-0.15935,5
yes,32,0.09343,5
yes,33,0.16561,5
yes,34,-0.20119,5
yes,35,0.35523,5
yes,36,0.6473,5
yes,37,0.6473,5
yes,38,0.50209,5
yes,39,0.45771,5
yes,40,-0.34354,5
yes,41,-0.2709,5
yes,42,-0.4003,5
yes,43,-0.37469,5
yes,44,-0.37469,5
yes,45,-0.52863,5
yes,46,-0.61408,5
yes,47,-0.59941,5
yes,48,-0.57796,5
yes,49,-0.61408,5
yes,50,-0.77676,5
yes,51,-0.34354,5
yes,52,0.13321,5
yes,53,0.13321,5
yes,54,0.0276,5
yes,55,0.06283,5
yes,56,0.13832,5
yes,57,-0.22099,5
yes,58,0.0828,5
yes,59,0.22202,5
yes,60,0.45311,5
yes,61,0.45311,5
yes,62,0.77784,5
yes,63,0.16375,5
yes,64,-0.35601,5
yes,65,-0.35601,5
yes,66,0.37744,5
yes,67,0.24563,5
yes,68,0.04855,5
yes,69,0.39964,5
yes,70,0.33303,5
yes,71,-0.24411,5
yes,72,-0.18699,5
yes,73,-0.09709,5
yes,74,-0.24411,5
yes,75,-0.30022,5
yes,76,-0.39964,5
yes,77,0.20469,5
yes,78,0.34354,5
yes,79,0.85439,5
yes,80,0.85439,5
yes,81,0.6473,5
yes,82,-0.34798,5
yes,83,-0.34798,5
yes,84,-0.32693,5
yes,85,0.0276,5
yes,86,-0.09343,5
yes,87,0.59795,5
yes,88,0.2709,5
yes,89,0.30598,5
yes,90,-0.20469,5
yes,91,0.20469,5
yes,92,-0.48583,5
yes,93,-0.48583,5
yes,94,0.02643,5
yes,95,-0.24411,5
yes,96,-0.24411,5
yes,97,-0.40939,5
yes,98,-0.0,5
yes,99,0.18422,5
yes,100,0.0367,5
yes,101,-0.0143,5
yes,102,0.19982,5
yes,103,0.71047,5
yes,104,0.12946,5
yes,105,0.77784,5
yes,106,0.74439,5
yes,107,0.85439,5
yes,108,-0.12206,5
yes,109,-0.12206,5
yes,110,-0.12206,5
yes,111,-0.12206,5
yes,112,0.63422,5
no,5,-0.01356,5
no,6,0.1444,5
no,7,0.18013,5
no,8,0.14392,5
no,9,0.06898,5
no,10,0.04481,5
no,11,-0.15447,5
no,12,-0.29078,5
no,13,-0.24874,5
no,14,-0.23789,5
no,15,-0.14897,5
no,16,-0.09816,5
no,17,-0.04103,5
no,18,-0.04157,5
no,19,-0.03215,5
no,20,-0.08711,5
no,21,-0.09119,5
no,22,-0.11059,5
no,23,-0.16422,5
no,24,-0.16729,5
no,25,-0.17542,5
no,26,-0.12444,5
no,27,-0.13959,5
no,28,0.01143,5
no,29,-0.02548,5
no,30,0.0361,5
no,31,0.04146,5
no,32,0.11189,5
no,33,0.09531,5
no,34,0.09672,5
no,35,0.16237,5
no,36,0.10862,5
no,37,0.03534,5
no,38,-0.03573,5
no,39,-0.04096,5
no,40,-0.14773,5
no,41,-0.11187,5
no,42,-0.03844,5
no,43,-0.07664,5
no,44,0.07732,5
no,45,0.06654,5
no,46,0.04013,5
no,47,-0.0116,5
no,48,0.03471,5
no,49,-0.05233,5
no,50,0.04154,5
no,51,0.0317,5
no,52,0.07345,5
no,53,0.19588,5
no,54,0.20301,5
no,55,0.14213,5
no,56,0.13933,5
no,57,0.12844,5
no,58,0.07598,5
no,59,-0.05019,5
no,60,-0.17458,5
no,61,-0.22098,5
no,62,-0.222,5
no,63,-0.31964,5
no,64,-0.3075,5
no,65,-0.24135,5
no,66,-0.05011,5
no,67,-0.03267,5
no,68,0.02991,5
no,69,0.1708,5
no,70,0.15339,5
no,71,0.01762,5
no,72,-0.00036,5
no,73,0.00702,5
no,74,-0.12515,5
no,75,0.03533,5
no,76,0.08165,5
no,77,0.09847,5
no,78,0.09911,5
no,79,0.1594,5
no,80,0.1297,5
no,81,0.09966,5
no,82,0.12908,5
no,83,0.08663,5
no,84,0.05422,5
no,85,0.07045,5
no,86,0.03438,5
no,87,0.02522,5
no,88,0.02808,5
no,89,0.02558,5
no,90,0.0224,5
no,91,0.14644,5
no,92,0.01068,5
no,93,0.14456,5
no,94,0.13756,5
no,95,0.11494,5
no,96,0.10925,5
no,97,0.20641,5
no,98,0.06372,5
no,99,0.08174,5
no,100,0.09112,5
no,101,0.11687,5
no,102,0.03558,5
no,103,0.2791,5
no,104,0.39391,5
no,105,0.42826,5
no,106,0.3889,5
no,107,0.37517,5
no,108,0.29901,5
no,109,0.20888,5
no,110,0.08356,5
no,111,0.13063,5
no,112,0.07553,5
yes,5,0.8006,7
yes,6,0.71199,7
yes,7,0.8006,7
yes,8,0.83258,7
yes,9,0.93067,7
yes,10,0.93067,7
yes,11,0.44846,7
yes,12,0.44846,7
yes,13,0.31083,7
yes,14,0.31083,7
yes,15,-0.10235,7
yes,16,-0.0143,7
yes,17,-0.13625,7
yes,18,-0.13983,7
yes,19,-0.22951,7
yes,20,-0.35312,7
yes,21,-0.08198,7
yes,22,-0.03814,7
yes,23,-0.08198,7
yes,24,-0.07552,7
yes,25,0.32882,7
yes,26,0.27198,7
yes,27,0.24563,7
yes,28,0.24563,7
yes,29,0.12946,7
yes,30,0.0,7
yes,31,0.1242,7
yes,32,-0.29128,7
yes,33,-0.051,7
yes,34,0.50297,7
yes,35,0.16561,7
yes,36,0.35523,7
yes,37,0.24422,7
yes,38,0.14329,7
yes,39,0.45771,7
yes,40,0.20554,7
yes,41,-0.4003,7
yes,42,-0.50817,7
yes,43,-0.41988,7
yes,44,-0.44854,7
yes,45,-0.55114,7
yes,46,-0.55114,7
yes,47,-0.61408,7
yes,48,-0.59941,7
yes,49,-0.88018,7
yes,50,-0.88018,7
yes,51,-0.18422,7
yes,52,0.13321,7
yes,53,0.0276,7
yes,54,-0.01941,7
yes,55,-0.01941,7
yes,56,0.01941,7
yes,57,0.27551,7
yes,58,0.0828,7
yes,59,0.0828,7
yes,60,0.22202,7
yes,61,0.45311,7
yes,62,0.54925,7
yes,63,0.32751,7
yes,64,-0.35601,7
yes,65,0.37744,7
yes,66,0.24563,7
yes,67,0.11155,7
yes,68,0.11155,7
yes,69,-0.0,7
yes,70,0.19122,7
yes,71,0.19122,7
yes,72,-0.21092,7
yes,73,-0.29681,7
yes,74,-0.24411,7
yes,75,-0.24411,7
yes,76,0.0966,7
yes,77,0.20469,7
yes,78,0.20469,7
yes,79,0.34354,7
yes,80,0.6473,7
yes,81,0.24422,7
yes,82,0.24422,7
yes,83,-0.32693,7
yes,84,0.0276,7
yes,85,-0.22099,7
yes,86,0.24274,7
yes,87,0.12206,7
yes,88,0.18422,7
yes,89,0.18422,7
yes,90,0.30598,7
yes,91,-0.19834,7
yes,92,-0.19834,7
yes,93,-0.35601,7
yes,94,-0.32751,7
yes,95,-0.24411,7
yes,96,-0.42978,7
yes,97,-0.25734,7
yes,98,0.21037,7
yes,99,0.21037,7
yes,100,-0.20469,7
yes,101,-0.0828,7
yes,102,0.27663,7
yes,103,0.59875,7
yes,104,0.71047,7
yes,105,0.12946,7
yes,106,0.77784,7
yes,107,0.77784,7
yes,108,0.63422,7
yes,109,-0.12206,7
yes,110,-0.12206,7
yes,111,0.63422,7
yes,112,0.27463,7
no,5,0.07899,7
no,6,0.15182,7
no,7,0.16655,7
no,8,0.07108,7
no,9,0.00351,7
no,10,-0.07917,7
no,11,-0.06713,7
no,12,-0.15307,7
no,13,-0.28511,7
no,14,-0.23987,7
no,15,-0.20407,7
no,16,-0.11577,7
no,17,-0.05742,7
no,18,-0.0684,7
no,19,-0.10711,7
no,20,-0.116,7
no,21,-0.10249,7
no,22,-0.1136,7
no,23,-0.14633,7
no,24,-0.17472,7
no,25,-0.17195,7
no,26,-0.15231,7
no,27,-0.04611,7
no,28,-0.10109,7
no,29,-0.01114,7
no,30,-0.00066,7
no,31,0.08465,7
no,32,0.10474,7
no,33,0.09788,7
no,34,0.12586,7
no,35,0.10625,7
no,36,0.10037,7
no,37,0.08138,7
no,38,-0.02108,7
no,39,-0.0856,7
no,40,-0.07049,7
no,41,-0.08836,7
no,42,-0.08231,7
no,43,0.01367,7
no,44,-0.00647,7
no,45,0.00358,7
no,46,0.02867,7
no,47,0.03352,7
no,48,-0.00877,7
no,49,0.0815,7
no,50,-0.02544,7
no,51,0.03101,7
no,52,0.14823,7
no,53,0.19646,7
no,54,0.18889,7
no,55,0.13284,7
no,56,0.09433,7
no,57,0.15556,7
no,58,0.08224,7
no,59,-0.07307,7
no,60,-0.21726,7
no,61,-0.2215,7
no,62,-0.20581,7
no,63,-0.30116,7
no,64,-0.37874,7
no,65,-0.20304,7
no,66,-0.09295,7
no,67,-0.0111,7
no,68,0.059,7
no,69,0.03543,7
no,70,0.06925,7
no,71,0.11147,7
no,72,0.03283,7
no,73,-0.00702,7
no,74,0.04148,7
no,75,-0.00338,7
no,76,0.07773,7
no,77,0.10196,7
no,78,0.12287,7
no,79,0.12214,7
no,80,0.14809,7
no,81,0.16273,7
no,82,0.10179,7
no,83,0.07714,7
no,84,0.08384,7
no,85,0.04117,7
no,86,0.089,7
no,87,0.06103,7
no,88,-0.0061,7
no,89,0.03572,7
no,90,0.12259,7
no,91,0.04305,7
no,92,0.15222,7
no,93,0.09128,7
no,94,0.11021,7
no,95,0.15683,7
no,96,0.18171,7
no,97,0.08056,7
no,98,0.12557,7
no,99,0.06849,7
no,100,0.15279,7
no,101,0.1673,7
no,102,0.18323,7
no,103,0.25396,7
no,104,0.43064,7
no,105,0.40836,7
no,106,0.3749,7
no,107,0.35673,7
no,108,0.39632,7
no,109,0.23852,7
no,110,0.19189,7
no,111,0.13784,7
no,112,0.10677,7
yes,5,0.71199,9
yes,6,0.71199,9
yes,7,0.75645,9
yes,8,0.83258,9
yes,9,0.83258,9
yes,10,0.82864,9
yes,11,0.82864,9
yes,12,0.47597,9
yes,13,0.47597,9
yes,14,0.31083,9
yes,15,0.27463,9
yes,16,-0.13625,9
yes,17,-0.20547,9
yes,18,-0.27827,9
yes,19,-0.26597,9
yes,20,-0.03814,9
yes,21,-0.03814,9
yes,22,-0.03814,9
yes,23,-0.09977,9
yes,24,0.00893,9
yes,25,-0.0414,9
yes,26,-0.15541,9
yes,27,0.36465,9
yes,28,0.7369,9
yes,29,0.12946,9
yes,30,0.0,9
yes,31,-0.16375,9
yes,32,0.0143,9
yes,33,0.16999,9
yes,34,0.40456,9
yes,35,0.50297,9
yes,36,0.04289,9
yes,37,0.04289,9
yes,38,0.14329,9
yes,39,0.04289,9
yes,40,0.0,9
yes,41,-0.20469,9
yes,42,-0.41988,9
yes,43,-0.57926,9
yes,44,-0.60221,9
yes,45,-0.48608,9
yes,46,-0.55114,9
yes,47,-0.55114,9
yes,48,-0.78345,9
yes,49,-0.68827,9
yes,50,-0.38641,9
yes,51,-0.53285,9
yes,52,-0.16346,9
yes,53,-0.01941,9
yes,54,-0.01941,9
yes,55,-0.07164,9
yes,56,0.1072,9
yes,57,0.17549,9
yes,58,0.27551,9
yes,59,0.0828,9
yes,60,0.0828,9
yes,61,0.36996,9
yes,62,0.07928,9
yes,63,0.07928,9
yes,64,0.7369,9
yes,65,0.24563,9
yes,66,0.11155,9
yes,67,0.11155,9
yes,68,0.068,9
yes,69,0.0143,9
yes,70,-0.03964,9
yes,71,0.10219,9
yes,72,-0.06141,9
yes,73,-0.32992,9
yes,74,-0.29681,9
yes,75,0.03995,9
yes,76,0.03995,9
yes,77,0.0966,9
yes,78,0.20469,9
yes,79,0.03995,9
yes,80,-0.12946,9
yes,81,0.24422,9
yes,82,0.0276,9
yes,83,0.37723,9
yes,84,-0.22099,9
yes,85,0.24274,9
yes,86,-0.0,9
yes,87,-0.12946,9
yes,88,-0.0,9
yes,89,0.18422,9
yes,90,0.09154,9
yes,91,-0.0,9
yes,92,-0.1101,9
yes,93,-0.06141,9
yes,94,-0.52697,9
yes,95,-0.52697,9
yes,96,-0.25734,9
yes,97,0.138,9
yes,98,-0.05216,9
yes,99,-0.0828,9
yes,100,0.07474,9
yes,101,0.21037,9
yes,102,0.27663,9
yes,103,0.27663,9
yes,104,0.59875,9
yes,105,0.71047,9
yes,106,0.0,9
yes,107,0.30704,9
yes,108,0.77784,9
yes,109,0.63422,9
yes,110,0.63422,9
yes,111,0.27463,9
yes,112,0.27463,9
no,5,0.15529,9
no,6,0.10121,9
no,7,0.07125,9
no,8,0.04526,9
no,9,-0.05824,9
no,10,-0.09657,9
no,11,-0.10008,9
no,12,-0.09539,9
no,13,-0.16607,9
no,14,-0.25932,9
no,15,-0.19473,9
no,16,-0.15697,9
no,17,-0.13475,9
no,18,-0.11132,9
no,19,-0.14026,9
no,20,-0.11835,9
no,21,-0.13046,9
no,22,-0.13719,9
no,23,-0.12952,9
no,24,-0.15669,9
no,25,-0.1592,9
no,26,-0.11383,9
no,27,-0.12753,9
no,28,-0.06119,9
no,29,-0.06336,9
no,30,0.04779,9
no,31,0.07273,9
no,32,0.07847,9
no,33,0.1277,9
no,34,0.10592,9
no,35,0.0736,9
no,36,0.08746,9
no,37,0.04632,9
no,38,0.01576,9
no,39,-0.04554,9
no,40,-0.04016,9
no,41,-0.05478,9
no,42,-0.03728,9
no,43,-0.02006,9
no,44,-0.0359,9
no,45,-0.02291,9
no,46,0.00293,9
no,47,0.02209,9
no,48,0.07506,9
no,49,0.01276,9
no,50,0.06647,9
no,51,0.06907,9
no,52,0.14275,9
no,53,0.17321,9
no,54,0.13295,9
no,55,0.133,9
no,56,0.14939,9
no,57,0.06223,9
no,58,0.02298,9
no,59,-0.05994,9
no,60,-0.13159,9
no,61,-0.2115,9
no,62,-0.28138,9
no,63,-0.27388,9
no,64,-0.21331,9
no,65,-0.22921,9
no,66,-0.1526,9
no,67,-0.00707,9
no,68,-0.00077,9
no,69,-0.02155,9
no,70,0.01239,9
no,71,0.07588,9
no,72,0.09403,9
no,73,0.05988,9
no,74,0.06955,9
no,75,0.08218,9
no,76,0.02832,9
no,77,0.10387,9
no,78,0.12535,9
no,79,0.12227,9
no,80,0.15428,9
no,81,0.14886,9
no,82,0.11374,9
no,83,0.09969,9
no,84,0.06144,9
no,85,0.10098,9
no,86,0.06267,9
no,87,0.06123,9
no,88,0.06351,9
no,89,0.08003,9
no,90,0.05529,9
no,91,0.13658,9
no,92,0.10971,9
no,93,0.12304,9
no,94,0.12587,9
no,95,0.17743,9
no,96,0.12518,9
no,97,0.121,9
no,98,0.08358,9
no,99,0.18311,9
no,100,0.1284,9
no,101,0.19311,9
no,102,0.28846,9
no,103,0.32055,9
no,104,0.31798,9
no,105,0.38373,9
no,106,0.37422,9
no,107,0.40238,9
no,108,0.30657,9
no,109,0.35988,9
no,110,0.26563,9
no,111,0.1738,9
no,112,0.15033,9
